{
    "accuracy": 0.656,
    "precision": 0.6875,
    "recall": 0.6567164179104478,
    "auc": 0.6865671641791045
}